,Name,Rating,Reviews,Category,Location,Contact Number,Website,Description
0,NZC New Zealand Car Auckland,4.8,680,Used car dealer,"Auckland, New Zealand",+64 800 692 800,http://www.nzc.kiwi/,"""New Zealand Car is a rapidly growing, 100% Kiwi-owned and operated car trader. Our Auckland and Christchurch branches offer cars for sale in both cities, and countrywide delivery options. We have a huge selection of Japanese import cars, ranging from...  More"
1,AJ Motors Henderson,4.9,697,Used car dealer,"Auckland, New Zealand",+64 9 355 8888,https://www.ajmotors.co.nz/,"""Why Choose AJ Motors? AJ Motors was established in 2019 and we direct import affordable, High quality vehicles from Japan and UK . AJ motors is committed to treating customers with fairness, respect & dignity. We are honest in our dealings and...  More"
2,City Motor Group,4.8,478,Used car dealer,"Auckland, New Zealand",+64 800 333 803,http://www.citymotorgroup.co.nz/,"""City Motor Group has successfully assisted over 30,000 customers NZ wide to find the right car. With a focus on providing a unique environment, a great vehicle range, and a car-buying and ownership experience that really is second to none. We have an...  More"
3,Budget Car Sales (Manukau),4.7,573,Used car dealer,"Auckland, New Zealand",+64 9 263 1001,https://www.budgetcarsales.co.nz/#utm_source=google%20my%20business&utm_medium=organic&utm_campaign=manukau,"""Looking for a used car in Auckland? Budget Car Sales has 350+ to choose from, including Hybrid, SUVs, People Mover, Van/Commercial and more... Browse our extensive online inventory or visit our Manukau yard for a test drive. We are open seven days a...  More"
4,AJ Motors Hamilton,4.9,579,Used car dealer,"Hamilton, New Zealand",+64 7 843 8888,https://linktr.ee/ajmotorshamilton,"""Allow AJ Motors Hamilton to be your one-stop shop for all your vehicle needs, especially for second-hand cars. We offer a wide selection of new and used cars, trucks, and SUVs from top brands and are recognized as a credible and the best-used car...  More"
5,AJ Motors Hornby Christchurch,4.9,534,Used car dealer,"Christchurch, New Zealand",+64 3 341 5322,https://www.ajmotors.co.nz/vehicles?Dealership=Christchurch,"""AJ Motors Christchurch is your one-stop shop for all your vehicle needs. We have emerged as the best-used car dealer in Christchurch, offering a wide selection of second-hand cars for sale. If you are looking forward to buying used cars, then our...  More"
6,Infinity Cars,4.8,310,Used car dealer,"Auckland, New Zealand",+64 9 443 7100,http://www.infinitycars.co.nz/,N/A
7,NZ Motors 4WD'S limited,4.9,409,Car dealer,"Auckland, New Zealand",+64 21 155 7781,https://nzmotorsltd.co.nz/,N/A
8,Great Wall Motors Wellington,4.7,54,Used car dealer,"Wellington, New Zealand",+64 4 383 9886,https://www.greatwallmotors.nz/,N/A
9,NZC,4.6,203,Used car dealer,"Christchurch, New Zealand",+64 800 778 807,http://www.nzc.kiwi/,"""New Zealand Car is a rapidly growing, 100% Kiwi-owned and operated car trader. Our Auckland and Christchurch branches offer cars for sale in both cities, and countrywide delivery options. We have a huge selection of Japanese import cars, ranging from...  More"
10,RK Cars,4.3,291,Used car dealer,"Auckland, New Zealand",+64 9 620 4477,https://www.rkcars.co.nz/,"""Discover the difference at RK Cars in Mount Roskill! As one of Auckland's most trusted and largest car yards, we take pride in serving over 4000 happy customers. With 100+ used cars available at our convenient location, we offer a hassle-free car...  More"
11,NZ Cheap Cars - Mt Wellington,4.7,154,Used car dealer,"Auckland, New Zealand",+64 800 457 836,https://www.nzcheapcars.co.nz/,"""NZ Cheap Cars provides a wide selection of quality used cars at competitive prices. Every fresh import goes through an AA Appraisal and comes with comprehensive warranty options. We stand by the quality of every used car we sell! We also provide...  More"
12,Auto Corner Limited - Quality Used Car Dealer in New Lynn,4.8,106,Car dealer,"Auckland, New Zealand",+64 9 270 0007,http://www.autocorner.co.nz/,"""WELCOME TO AUTO CORNER LIMITED All our imported cars have been carefully selected and inspected by our agents in Japan. Also we provide quality NZ new vehicles to New Zealanders. Most of them are cheapest on the NZ market. We have low overheads so...  More"
13,0800 Best Deal Cars Onehunga,4.4,455,Used car dealer,"Auckland, New Zealand",+64 9 634 5755,http://www.0800bestdeal.co.nz/,N/A
14,AJ Motors East Tamaki,4.7,341,Used car dealer,"Auckland, New Zealand",+64 9 274 7888,https://www.ajmotors.co.nz/vehicles?Dealership=East%20Tamaki,"""AJ Motors‚Äî‚ÄîGreat Cars, Great Value We are a registered motor vehicle trader(M381928) and a direct Japanese vehicle importer in East Tamaki, Auckland, NZ who owns 5 branches nationwide and has over 450 quality vehicles available for sale. If you want...  More"
15,Andrew Simms Newmarket,4.4,777,Car dealer,"Auckland, New Zealand",+64 9 523 1939,http://www.andrewsimms.co.nz/,"""Welcome to Andrew Simms Newmarket, where excellence meets automotive passion. As the leading dealership in Newmarket, we pride ourselves on offering an extensive selection of top-quality vehicles coupled with exceptional customer service. At Andrew...  More"
16,Portage Cars New Lynn,4.7,197,Used car dealer,"Auckland, New Zealand",+64 21 489 387,http://www.portagecars.co.nz/?utm_source=google&utm_medium=gbp&utm_campaign=organic,"""As one of the largest used car dealerships in New Zealand, Portage Cars offers a hassle-free car buying experience. With a vast selection of Hatchbacks, Sedans, Station Wagons, People Movers, Commercial Vans, Trucks and Caravans, you're sure to find...  More"
17,AJ MOTORS WEST CITY,5.0,233,Used car dealer,"Auckland, New Zealand",+64 9 835 2917,http://www.ajmotors.co.nz/,"""AJ Motors is one of the biggest Used Motor Vehicle Dealers in NZ. We have 8 branches nationwide. We have an established team to service our existing and future customers. We not only supply great cars, but great values. Grab your AJ Motors AJ...  More"
18,The Car Bazaar Ltd,4.8,64,Used car dealer,"Christchurch, New Zealand",+64 3 366 5906,http://www.thecarbazaar.co.nz/,N/A
19,Dave Allen Motors & Finance,4.9,551,Used car dealer,"Hamilton, New Zealand",+64 800 227 000,https://www.daveallenmotors.co.nz/,"""Dave Allen Motors & Finance is one of the largest and most trusted MTA Assured Dealerships in the Waikato region with over 25 years of trading and 46,000+ sales nationwide. We know that you're looking for the right car at the lowest possible price,...  More"
20,Enterprise Motor Group New Lynn,4.6,281,Used car dealer,"Auckland, New Zealand",+64 800 215 116,https://www.enterprisecars.co.nz/branches/new-lynn.html,"""Enterprise Motor Group New Lynn has been part of the New Lynn community for over 20 years, providing the community with the best selection of quality used cars including a wide range of SUVs, Utes and EV/Hybrids. Trade-In your car today and upgrade...  More"
21,WHOLESALE MOTORS HOLDINGS LTD - Cheap Cars & Easy Finance,4.1,184,Used car dealer,"Christchurch, New Zealand",+64 21 430 895,http://www.wholesalemotors.co.nz/,"""Wholesale Motors - CHEAP CARS For Sale Christchurch - Easy Finance is based in Addington and is your local, reputable used car sales company. We are a family-run dealership with plenty of experience in the industry. You can trust Wholesale Motors to...  More"
22,Legendary Motors,4.7,192,Used car dealer,"Auckland, New Zealand",+64 21 975 013,http://www.legendarymotor.co.nz/,"""Our business is about quality used vehicles. We source cars from Japan at competitive prices. Private enquiries welcome. We run a good team from Japan to Auckland that saves you time and money. We can offer mechanical warranties, finance options and...  More"
23,Turners Cars Christchurch,3.7,440,Used car dealer,"Christchurch, New Zealand",+64 800 887 637,https://www.turners.co.nz/?utm_source=map.google.com&utm_medium=referral,"""Consistently voted NZ's most trusted used vehicle dealership, Turners has been helping Kiwis buy & sell for over 50 years. We're NZ's largest, with over 20 branches nationwide most of which are open 7 days. We accept trade ins, will sell on your...  More"
24,Genuine Vehicle Imports / GVI,4.4,439,Used car dealer,"Auckland, New Zealand",+64 9 525 5885,http://www.gvi.kiwi/,"""GVI is Proudly 100% New Zealand Family Owned and Operated We have been importing and selling quality vehicles for nearly 30 years. We are proudly Kiwi Family Owned and Operated, and the GVI / Johnston names are well known and respected in New...  More"
25,Wholesale Cars Direct,4.8,345,Used car dealer,"Lower Hutt, New Zealand",+64 800 224 402,http://www.wholesalecarsdirect.co.nz/,"""At Wholesale cars Direct we aim to help the inexperienced purchaser or give the most discerning confidence in our vehicles. We can provide you the following upon request, Full independent mechanical inspection report on each vehicle, Japanese auction...  More"
26,Kiwi Cheap Cars Glen Eden,4.6,N/A,Used car dealer,"Auckland, New Zealand",+64 9 818 1836,https://www.kiwicheapcars.co.nz/,N/A
27,Christchurch European,4.7,192,Car dealer,"Christchurch, New Zealand",+64 3 366 8328,http://www.christchurcheuropean.co.nz/,N/A
28,Vision Auto Sales,4.3,280,Used car dealer,"Auckland, New Zealand",+64 9 525 1780,http://www.visionautos.co.nz/,N/A
29,A2Z CARS,4.4,183,Used car dealer,"Auckland, New Zealand",+64 9 636 5097,http://www.a2zcars.co.nz/,N/A
30,Turners Cars New Plymouth,4.5,104,Used car dealer,"New Plymouth, New Zealand",+64 800 887 637,https://www.turners.co.nz/?utm_source=map.google.com&utm_medium=referral,"""Consistently voted NZ's most trusted used vehicle dealership, Turners has been helping Kiwis buy & sell for over 50 years. We're NZ's largest, with over 20 branches nationwide most of which are open 7 days. We accept trade ins, will sell on your...  More"
31,Good Cars,4.7,156,Car dealer,"Christchurch, New Zealand",+64 3 421 6113,http://www.goodcars.co.nz/,"""Buy with confidence from a Registered Motor Vehicle Trader: ‚ÄúGood Cars‚Äù - Great Quality, Excellent Value - Good Cars in Waltham are your local car dealership. We are committed to providing you with an outstanding range of quality cars, checked and...  More"
32,easyauto123 Grey Lynn,4.9,660,Used car dealer,"Auckland, New Zealand",+64 800 122 244,https://easyauto123.co.nz/grey-lynn?utm_source=google&utm_medium=organic&utm_campaign=gmb-easyauto123-grey-lynn,"""Welcome to easyauto123 ‚Äì Home of the Best Car Price Guarantee*. easyauto123 cars are Quality Verified meaning they‚Äôve passed our thorough 100-point safety & mechanical check. Visit our website to find out more. We are all about making your next car...  More"
33,Motor Brothers,4.7,166,Used car dealer,"Auckland, New Zealand",+64 9 250 4585,http://www.motorbrothers.co.nz/,"""Embark on a stress-free vehicle-buying journey at Motor Brothers, Manukau's premier dealership since 2019. Over 200 quality cars from top brands await, ensuring the perfect fit for everyone. Whether you're seeking a Family Car, Ute, 4x4, or European...  More"
34,Grande Motors Ltd,4.2,386,Car dealer,"Auckland, New Zealand",+64 21 127 5124,http://www.grandemotors.co.nz/,N/A
35,Value Cars Warehouse,4.6,733,Motor vehicle dealer,"Christchurch, New Zealand",+64 3 366 7768,http://www.valuecarswarehouse.co.nz/,N/A
36,Pare-ko Cars,4.5,102,Used car dealer,"Christchurch, New Zealand",+64 3 377 7988,http://www.autoplanet.co.nz/,"""Pare-ko Cars is a direct importer of quality cars from Japan. We are here to help people to find their dream car. Here you can get : 1. Quality cars at competitive price 2. 100 % customer satisfaction 3. 3 Months Mechanical warranty 4. Interest rate...  More"
37,Unique Cars (NZ) Ltd,4.8,129,Used car dealer,New Zealand,+64 800 030 150,http://www.uniquecarsltd.co.nz/,"""At Unique Cars NZ Ltd we have a background in the automobile industry with wealth of knowledge when it comes to used cars and we are happy to share our expertise with you to make your purchase easy and hassle free. Unique Cars NZ Ltd is passionate...  More"
38,AJ Motors Sockburn Christchurch,5.0,288,Used car dealer,"Christchurch, New Zealand",+64 3 341 1272,https://www.ajmotors.co.nz/vehicles?Dealership=Sockburn,"""We are one of the best used car dealers in Sockburn of Christchurch offer best vehicles with the lowest possible prices. We help people find the hottest second hand car deal, we just couldn't stop! We are finance specialists make sure put you into...  More"
39,Autoport.nz,4.7,32,Used car dealer,"Auckland, New Zealand",+64 800 700 044,https://www.autoport.nz/,"""25,000+ cars for sale directly to Kiwis from New Zealand, Japan and the UK. We manage everything! You sit back and track delivery of your car. 100% online 0% hassle - and you're welcome to visit us to discuss the way we operate, see options, discuss...  More"
40,Wheeler Motor Company,4.3,318,Used car dealer,"Christchurch, New Zealand",+64 3 366 6369,http://www.wheelermotors.co.nz/,"""Wheeler Motor Company is one of the largest used car dealerships in New Zealand. With over 1000 cars in stock and hundreds arriving we 'will' have the options for you to view today! Visit our website and read our reviews to see why people keep coming...  More"
41,Portage cars Wellington,4.7,82,Used car dealer,"Porirua, New Zealand",+64 22 154 3096,https://portagecars.co.nz/?utm_source=google&utm_medium=organic&utm_campaign=gbp-wellington,"""As one of the best car dealerships in Wellington, we offer a hassle-free car buying experience. With a vast selection of vehicles including Hatchbacks, Sedans, Station Wagons, People Movers, Commercial Vans, Trucks and Caravans, you're sure to find...  More"
42,Industry Motor Group Penrose,4.5,537,Used car dealer,"Auckland, New Zealand",+64 9 636 7492,https://www.industrymotors.co.nz/,"""Welcome to Industry Motor Group, NZ's premier dealership with 24 years of expertise. Specialising in vehicle sales, trade-ins, financing, and sourcing top-quality cars, our dedicated team ensures a new car experience for used car buyers. Introducing...  More"
43,AR Motors | Car Dealer | User Car Sales | Car Loan | Car Finance,4.3,102,Used car dealer,"Auckland, New Zealand",+64 210 415 834,http://armotors.co.nz/,"""Any Credit Car Finance & Car Loans For Beneficiaries Any Credit Car Finance & Car Loans For Beneficiaries - Need a car but got Any credit? No problem! - Are you a beneficiary? On a short term visa? Let‚Äôs see what we can do! - Do you have a learners...  More"
44,Budget Car Sales (Takanini),4.6,205,Used car dealer,"Auckland, New Zealand",+64 9 369 6199,https://www.budgetcarsales.co.nz/#utm_source=google%20my%20business&utm_medium=organic&utm_campaign=takanini,"""Looking for a used car in Auckland? Budget Car Sales (Takanini) has a wide variety of vehicles to choose from, including Hybrid, SUVs, People Mover, Van/Commercial and more... Browse our extensive online inventory or visit our Takanini yard for a...  More"
45,Te Rapa Wholesale Cars,3.8,144,Used car dealer,"Hamilton, New Zealand",+64 7 846 9429,http://www.terapacars.co.nz/,N/A
46,Farmer Autovillage,4.7,549,Used car dealer,"Mount Maunganui, New Zealand",+64 7 578 6017,https://www.farmerautovillage.co.nz/,"""'Farmer Autovillage is your one-stop Automotive Destination found in the heart of the Bay of Plenty, Mount Maunganui. We are Authorised agents for 12 new car brands, Nissan, Volkswagen, SKODA, Audi, Subaru, Jeep, Ram, Hyundai, Haval, Great Wall and...  More"
47,2 Cheap Cars - Christchurch,3.4,262,Used car dealer,"Christchurch, New Zealand",+64 3 666 0120,https://www.2cheapcars.co.nz/dealerships/christchurch/christchurch?utm_source=google-my-business&utm_medium=organic&utm_content=gmb-christchurch,"""2 Cheap Cars was established in 2011 on the basis that car buyers in New Zealand could get a much better deal. By creating an enterprise based around good service, high volumes, and low margins, the consumer gets value and affordability. We do as much as we can in-house so that we can keep prices low for our customers. We have a nationwide presence retailing quality, affordable vehicles and offer competitive third-party finance and insurance options. Our holding company, 2 Cheap Cars Group (2CC), achieved a significant milestone in its journey with a direct listing on the New Zealand Stock Exchange (NZX: 2CC) which recognizes the scale we hold in NZ retailing affordable cars."""
48,What Next Cars New Lynn,5.0,108,Used car dealer,"Auckland, New Zealand",+64 210 243 0929,https://www.whatnextcars.co.nz/,"""What Next Cars ltd is a locally-owned and operated business, registered and based in Auckland, New Zealand. With expertise in the motor vehicle sector spanning over 15 years, we have created better and more efficient ways to meet the demands and...  More"
49,Auckland Cars,4.3,206,Car dealer,"Auckland, New Zealand",+64 800 000 468,http://www.aucklandcars.nz/,N/A
50,Signet Motors (Signet 2011 LTD),4.3,241,Car dealer,"Auckland, New Zealand",+64 9 813 9772,https://www.signetmotors.co.nz/,N/A
51,Highbeam Cars,4.8,123,Used car dealer,"Auckland, New Zealand",+64 508 000 999,https://highbeamcars.co.nz/finance-application/,"""Are you looking for a Best Car Finance Deals in NZ? Come and talk to Highbeam cars dealers in Auckland, New Zealand! We make every process easy, specially with Car Loans on bad credit in NZ. Call us now and get second chance vehicle loans NZ. üöó...  More"
52,NS MOTORS,4.6,137,Car dealer,"Auckland, New Zealand",+64 9 270 0746,http://www.nsmotors.co.nz/,"""Welcome to NS Motors! We specialize in top-tier vehicles meticulously handpicked for quality. From stylish Hatchbacks to eco-friendly Hybrids, luxurious Sedans, spacious SUVs, and versatile People Movers, we cater to diverse preferences. Our in-house...  More"
53,NZ Car Centre,4.9,51,Car dealer,"Christchurch, New Zealand",+64 3 365 0337,https://www.nzcarcentre.co.nz/,"""Welcome to NZ Car Centre, your premier destination for quality vehicles in Aotearoa! Revolutionising car buying across NZ with easy online shopping, nationwide shipping, and flexible financing. Experience a seamless journey to your perfect ride with...  More"
54,AJ Motors Penrose,5.0,403,Used car dealer,"Auckland, New Zealand",+64 21 429 995,https://www.ajmotors.co.nz/,"""We are a registered motor vehicle trader(M381928) and a direct Japanese vehicle importer who owns 6 branches nationwide and has over 500 quality vehicles available for sale. If you are searching for a used car dealer in Takanini to buy a second-hand...  More"
55,Southern Autos Manukau,4.7,383,Used car dealer,"Auckland, New Zealand",+64 9 884 3049,http://www.southernautos.co.nz/,N/A
56,Greenland Autos Limited,4.9,322,Used car dealer,"Palmerston North, New Zealand",+64 21 263 7601,https://preview.greenlandautos.com/,N/A
57,Tauranga Cars,4.7,130,Used car dealer,"Tauranga, New Zealand",+64 800 921 028,http://www.taurangacars.co.nz/,"""We are a used vehicle dealership selling mainly Japanese cars. We AA inspect all our vehicles prior to sale (excluding trade in vehicles) and most include our comprehensive 6 month warranty. Check our reviews on Google and Facebook , have a look at...  More"
58,"Johnston Ebbett Wellington - Kia, BYD, Holden, GMSV & Chevrolet",4.8,96,Car dealer,"Wellington, New Zealand",+64 4 801 6777,http://www.johnstonebbett.co.nz/,"""Welcome to Johnston Ebbett, home of BYD, Kia, Holden, GMSV and Chevrolet. Our Wellington dealership is conveniently located in the heart of the city. Our expert team provide a customer focussed service, designed to make purchasing your next vehicle...  More"
59,DJ AUTO VEHICLE IMPORTER LTD AKL,5.0,142,Used car dealer,"Auckland, New Zealand",+64 9 948 2818,http://www.djauto.co.nz/,N/A
60,AUTO DISCOUNT,4.9,202,Used car dealer,"Auckland, New Zealand",+64 9 390 0303,https://www.autodiscount.co.nz/,"""With Auto Discount you can buy with CONFIDENCE. We offer High Quality Vehicles at Wholesale prices. Over 100 quality vehicles in stock. Our commitment to customer service has enabled us to establish ongoing relationships with our clients and provided...  More"
61,Pacific Cars LMVD,4.5,100,Used car dealer,"Auckland, New Zealand",+64 9 441 4989,http://pacificcars.co.nz/,N/A
62,The Car Warehouse Limited,4.6,165,Car dealer,"Auckland, New Zealand",+64 9 214 2943,http://www.carwarehouse.co.nz/,N/A
63,Evolution Motors,4.7,29,Used car dealer,"Napier, New Zealand",+64 6 834 2011,http://www.evomotors.co.nz/,N/A
64,Amazing Cars Christchurch,4.6,105,Car dealer,"Christchurch, New Zealand",+64 3 925 9990,https://www.facebook.com/amazingcarschristchurch,N/A
65,NZCARS LIMITED,2.7,153,Used car dealer,"Auckland, New Zealand",+64 800 964 400,http://www.nzcars.org/,N/A
66,2 Cheap Cars - New Lynn,3.7,139,Used car dealer,"Auckland, New Zealand",+64 9 666 0379,https://www.2cheapcars.co.nz/dealerships/auckland/new-lynn?utm_source=google-my-business&utm_medium=organic&utm_content=gmb-new%20lynn,"""2 Cheap Cars was established in 2011 on the basis that car buyers in New Zealand could get a much better deal. By creating an enterprise based around good service, high volumes, and low margins, the consumer gets value and affordability. We do as...  More"
67,Sterling Cars Takanini - Used Car Dealer,4.3,140,Used car dealer,"Takanini, New Zealand",+64 800 771 881,https://www.sterlingcars.co.nz/,N/A
68,SsangYong New Zealand,4.4,65,Car dealer,"Taup≈ç, New Zealand",+64 7 376 1516,https://www.ssangyong.co.nz/,N/A
69,City Cars,4.5,20,Used car dealer,"Auckland, New Zealand",+64 9 215 8927,http://www.citycars.nz/,"""City Cars is a registered motor vehicle company deals in all sorts of vehicle imports. We are based in West Auckland easy access from motorway and minutes drive from CBD and other suburbs of Auckland. We specialise in pre owned cars, vans &...  More"
70,ICHINEN AUTOS (N.Z.) Greenlane,4.7,75,Used car dealer,"Auckland, New Zealand",+64 800 119 619,https://www.ichinenautos.co.nz/?utm_source=google&utm_medium=gmb&utm_term=&utm_content=website&utm_campaign=website,"""Ichinen Autos Ltd. is your one-stop hybrid used cars dealership in Auckland. We have built our reputation as a leading second hand car dealership in Auckland with our unique advantage of having the best hybrid selection from our parent company in...  More"
71,Omega cars,4.4,160,Used car dealer,"Auckland, New Zealand",+64 21 786 050,http://www.omegacars.co.nz/,N/A
72,Turners Cars Palmerston North,4.2,394,Used car dealer,"Palmerston North, New Zealand",+64 800 887 637,https://www.turners.co.nz/?utm_source=map.google.com&utm_medium=referral,"""Consistently voted NZ's most trusted used vehicle dealership, Turners has been helping Kiwis buy & sell for over 50 years. We're NZ's largest, with over 20 branches nationwide most of which are open 7 days. We accept trade ins, will sell on your...  More"
73,Turners Cars Manukau,3.4,139,Used car dealer,"Auckland, New Zealand",+64 800 887 637,https://www.turners.co.nz/?utm_source=map.google.com&utm_medium=referral,"""Consistently voted NZ's most trusted used vehicle dealership, Turners has been helping Kiwis buy & sell for over 50 years. We're NZ's largest, with over 20 branches nationwide most of which are open 7 days. We accept trade ins, will sell on your...  More"
74,Car Connexxion,4.6,82,Used car dealer,"Tauranga, New Zealand",+64 7 571 1335,http://www.ccx.co.nz/,N/A
75,Jan Motors - Hamilton,4.8,62,Used car dealer,"Hamilton, New Zealand",+64 7 595 0290,http://janmotors.co.nz/,N/A
76,Genesis Motors,4.8,60,Used car dealer,"Auckland, New Zealand",+64 9 813 0888,http://www.genesismotor.co.nz/,N/A
77,Turners Cars Porirua,3.9,481,Used car dealer,"Porirua, New Zealand",+64 800 887 637,https://www.turners.co.nz/?utm_source=map.google.com&utm_medium=referral,"""Consistently voted NZ's most trusted used vehicle dealership, Turners has been helping Kiwis buy & sell for over 50 years. We're NZ's largest, with over 20 branches nationwide most of which are open 7 days. We accept trade ins, will sell on your...  More"
78,Good Cars Riccarton,4.5,48,Car dealer,"Christchurch, New Zealand",+64 3 261 9199,http://goodcars.co.nz/,"""At Good Cars in Riccarton, we are committed to providing you with an outstanding range of quality cars imported from Japan, car finance and insurance products. We are one of the top-rated car dealerships in Christchurch. When you buy a car from Good...  More"
79,Andrew Simms GWM Auckland,4.8,67,Car dealer,"Auckland, New Zealand",+64 9 523 7276,https://www.andrewsimmsgwm.co.nz/,"""Welcome to Andrew Simms GWM! As Auckland's premier dealership for Great Wall Motors (GWM), we offer a great selection of rugged yet refined vehicles designed to conquer both urban streets and off-road terrains with ease. Our knowledgeable staff is...  More"
80,Capital City Cars,4.3,135,Car dealer,"Wellington, New Zealand",+64 4 389 9129,http://www.cccars.co.nz/,N/A
81,NZ Cheap Cars - North Shore,4.8,42,Used car dealer,"Auckland, New Zealand",+64 800 457 836,http://www.nzcheapcars.co.nz/,"""NZ Cheap Cars provides a wide selection of quality used cars at competitive prices. Every fresh import goes through an AA Appraisal and comes with comprehensive warranty options. We stand by the quality of every used car we sell! We also provide...  More"
82,Auto 66,4.3,96,Used car dealer,"Hamilton, New Zealand",+64 7 847 6646,http://www.auto66.co.nz/,N/A
83,CAR POINT,4.7,324,Used car dealer,"Auckland, New Zealand",+64 9 827 2687,http://www.carpoint.kiwi/,N/A
84,Auto Legend,4.6,80,Used car dealer,"Auckland, New Zealand",+64 9 218 6379,https://autolegend.co.nz/,"""The Dealer You Can Trust | *Huge Selection Of Cars | Top Customer Service | Top Quality Cars | We Also Buy Cars. Quick And Simple Car Finance Available Onsite And Online NO Deposit / All Credit Level / All NZ License / Working or Benefit / Single or...  More"
85,Coventry Cars,4.3,176,Car dealer,"Wellington, New Zealand",+64 4 384 4536,http://www.coventrycars.co.nz/,"""Coventry Cars provides a wide range of vehicles to suit most needs. With four dealerships in Lower Hutt selling Electric, Hybrid, Petrol, Diesel ‚Äì we are one of the largest independent dealers in the lower North Island. With over 300 quality...  More"
86,Sunday Drive,4.6,129,Car dealer,"Auckland, New Zealand",+64 9 909 7883,https://www.sundaydrive.co.nz/,N/A
87,Tasman Bay Motors,4.3,54,Car dealer,"Richmond, New Zealand",+64 3 544 4212,http://www.tasmanbaymotors.co.nz/,N/A
88,Auckland City Toyota - Grey Lynn,4.1,451,Used car dealer,"Auckland, New Zealand",+64 9 378 9919,https://www.toyota.co.nz/auckland-city-toyota/?utm_source=GOOGLE&utm_medium=GBP&utm_id=ACT-GREYLYNN,"""Auckland City Toyota is your trusted dealership for central and greater Auckland area. With three convenient locations in Grey Lynn, Greenlane, and Mt Wellington, we offer an extensive range of quality new and used Toyota cars, including Signature...  More"
89,Imported Carz,4.8,372,Car dealer,"Palmerston North, New Zealand",+64 6 929 4951,http://www.importedcarz.co.nz/,"""At Imported Carz we have a fresh inventory of quality pre-owned vehicles at affordable prices. We are one of the most popular and fast-growing dealers of Japanese cars in the Manawatu Region. With over 100 cars in our stock and 30 cars in our yard,...  More"
90,Wholesale Autos,4.6,142,Used car dealer,"Takanini, New Zealand",+64 800 405 065,http://www.wholesaleautos.co.nz/,"""WHY WHOLESALE AUTOS? - Google Review Ratings: 4.7 stars out of 5 (138 Reviews) - Buyer Score Reviews Ratings: 4.7 Stars out of 5 (362 Reviews) - Over a decade of Industry experience -AA APPRAISED yard - Over 700 cars in stock - One year WOF from the...  More"
91,Croydon Wholesalers,4.8,160,Used car dealer,"Lincoln, New Zealand",+64 9 836 8314,https://www.croydons.co.nz/,N/A
92,MyNex Car,5.0,336,Car dealer,"Auckland, New Zealand",+64 27 326 5339,http://www.mynexcar.co.nz/,N/A
93,NZ Motors 4WD'S Limited,4.9,37,Car dealer,"Auckland, New Zealand",+64 210 230 0450,http://www.nzmotorsltd.co.nz/,N/A
94,Miles Continental Pre-owned Vehicles,4.9,76,Used car dealer,"Christchurch, New Zealand",+64 3 377 7144,https://www.milescontinental.co.nz/,"""View our used vehicle range, including quality used and ex-demonstrator Volkswagen vehicles, plus a wide selection of other makes and models. Trade-ins welcome. Delivery available throughout New Zealand. With a range of flexible finance options at...  More"
95,Enterprise Motor Group Hamilton,4.7,528,Used car dealer,"Hamilton, New Zealand",+64 800 215 112,http://www.enterprisecars.co.nz/,"""Enterprise Motor Group Hamilton is the go-to destination for quality used cars in Hamilton, New Zealand. With the largest selection of used utes and SUVs, Enterprise Motor Group Hamilton offers something for everyone. Whether you're looking for a...  More"
96,Auto Depot,4.8,85,Car dealer,"Christchurch, New Zealand",+64 800 001 198,https://www.autodepot.co.nz/,"""Trading since 2007, reputation is extremely important to us, this dealership is well known for quality and competitiveness, and we work very hard to keep it that way. We have very high referrals for very good reasons. We love what we do and we...  More"
97,INE Cars Limited,4.7,89,Used car dealer,"Auckland, New Zealand",+64 22 850 3669,http://www.inecars.co.nz/,"""Dealership in Central Auckland specializes in carefully selected used-small and medium size vehicles ranges from European, Japanese, and NZ new, procured both locally and overseas. Covers the whole of NZ market through its on-site and online purchase...  More"
98,2 Cheap Cars - Greenlane,4.1,152,Used car dealer,"Auckland, New Zealand",+64 9 666 0126,https://www.2cheapcars.co.nz/dealerships/auckland/greenlane?utm_source=google-my-business&utm_medium=organic&utm_content=gmb-greenlane,"""2 Cheap Cars was established in 2011 on the basis that car buyers in New Zealand could get a much better deal. By creating an enterprise based around good service, high volumes, and low margins, the consumer gets value and affordability. We do as...  More"
99,New Zealand Vehicle Valuation,5.0,74,Used car dealer,"Christchurch, New Zealand",+64 274 324 325,http://www.nzvv.co.nz/,"""Your Dependable Vehicle Valuation Specialist. Are you selling a vehicle, and don‚Äôt want to be caught short by a low-ball offer, or at risk of a slow sale by asking too much? Or are you buying a vehicle and want to make sure you‚Äôre not paying too...  More"
100,EV City,4.9,568,Used car dealer,"Christchurch, New Zealand",+64 3 972 5505,http://www.evcity.kiwi/,"""EV City is New Zealand‚Äôs Premier EV Education and Sales Centre. Opened in 2018 EV City has quickly grown to employ a team of 5 who have quickly become known for their refreshing team approach to customer Service. Winners of the 2019 EV Sales and...  More"
101,Honda Store Newmarket,4.2,374,Used car dealer,"Auckland, New Zealand",+64 9 890 9030,https://www.honda.co.nz/find-a-store/auckland/honda-store-newmarket/,"""We offer full Dealership facilities including New Honda Sales and Used Vehicle Sales specialising in New Zealand new late model Honda's. In addition we have a full range of genuine Honda Parts and can arrange a WOF and re-licence for your vehicle...  More"
102,Aston Martin Auckland,4.8,53,Aston Martin dealer,"Auckland, New Zealand",+64 9 975 8080,N/A,"""Aston Martin Auckland is an authorised and official Aston Martin dealership dedicated to offering an unrivalled quality of service and expertise. We are committed to supporting all your Aston Martin needs and pride ourselves on providing an...  More"
103,M.I.K Autos,3.8,147,Used car dealer,"Auckland, New Zealand",+64 9 276 6693,http://www.mikautos.co.nz/,N/A
104,CARS R US,4.0,47,Used car dealer,"Auckland, New Zealand",+64 9 827 8787,http://www.carsrus.nz/,"""CARS R US - Quality Vehicle Dealership that aims to satisfy the needs of our Customers. Our Team offers Great Deals with Excellent Customer Service. MTA Approved Dealer with AA Certified High Quality Cras. We offer competitive finance with insurance...  More"
105,Enterprise Motor Group Manukau,4.3,106,Used car dealer,"Auckland, New Zealand",+64 800 215 202,https://www.enterprisecars.co.nz/branches/manukau.html,"""Enterprise Motor Group Manukau offers a large selection of second-hand used cars for sale including Utes, SUVs, people movers, and hatchbacks. Our friendly team can help with finding you a car and provide car finance that fits your needs. Visit the...  More"
106,Iseecars,5.0,96,Used car dealer,"Christchurch, New Zealand",+64 800 473 300,http://www.iseecars.co.nz/,N/A
107,Honda Store Wellington,4.4,192,Used car dealer,"Wellington, New Zealand",+64 4 913 4000,https://www.honda.co.nz/find-a-store/wellington-region/honda-store-wellington/,N/A
108,Superior Cars Limited,4.4,54,Used car dealer,"New Plymouth, New Zealand",+64 6 759 9992,https://www.superiorcars.co.nz/,N/A
109,Car City Auckland | Quality Second Hand Cars,4.0,46,Used car dealer,"Auckland, New Zealand",+64 9 277 6757,http://www.carcity.co.nz/,N/A
110,Vanz Motors Pinoy Tayo,4.9,76,Used car dealer,"Hamilton, New Zealand",+64 21 205 5940,http://www.vanzmotors.co.nz/,"""Vanz Motor Limited is a kiwi-Filipino owned company that import high quality cars direct from japan. We have access to 100,000 cars in japan from basic cars to luxury cars. We offer finance with competitive interest rate.We deliver nationwide and we...  More"
111,Best Cars 4 U,4.7,87,Used car dealer,"Auckland, New Zealand",+64 22 608 5322,https://www.bestcars4u.co.nz/,"""Best Cars 4 U is a company that you can trust to buy a car of your dream. We are New Lynn Best Used Car Dealers. Though we are new in the industry ,our staff members which comprise of salesmen, engineers and managers are highly experienced in the...  More"
112,Pacific Toyota Tauranga,4.4,309,Used car dealer,"Tauranga, New Zealand",+64 7 578 1099,http://www.pacifictoyota.co.nz/,"""Located in the heart of Tauranga, Tauriko, WhakatƒÅne and Bayfair, our award-winning dealership group is one of the leading businesses in the Bay of Plenty. Our large and diverse customer base covers the vibrant mix of businesses, communities, rural...  More"
113,Rose City Cars,4.3,61,Used car dealer,"Palmerston North, New Zealand",+64 27 371 4478,http://www.rosecitycars.co.nz/,N/A
114,Universal Imports 1998 LTD,4.3,145,Used car dealer,"Auckland, New Zealand",+64 9 215 9646,http://www.universalimports.co.nz/,N/A
115,2 Cheap Cars - Wairau,2.8,140,Used car dealer,"Auckland, New Zealand",+64 9 666 0127,https://www.2cheapcars.co.nz/dealerships/auckland/wairau?utm_source=google-my-business&utm_medium=organic&utm_content=gmb-wairau,"""2 Cheap Cars was established in 2011 on the basis that car buyers in New Zealand could get a much better deal. By creating an enterprise based around good service, high volumes, and low margins, the consumer gets value and affordability. We do as...  More"
116,Mahindra New Zealand,4.7,47,Car dealer,"Auckland, New Zealand",+64 800 282 726,https://www.mahindra.co.nz/,N/A
117,2 Cheap Cars - Penrose,3.3,452,Used car dealer,"Auckland, New Zealand",+64 9 666 0084,https://www.2cheapcars.co.nz/dealerships/auckland/penrose?utm_source=google-my-business&utm_medium=organic&utm_content_=gmb-penrose,"""2 Cheap Cars was established in 2011 on the basis that car buyers in New Zealand could get a much better deal. By creating an enterprise based around good service, high volumes, and low margins, the consumer gets value and affordability. We do as...  More"
118,Trade In Clearance,3.6,345,Car dealer,"Lower Hutt, New Zealand",+64 4 566 6484,http://www.tradeinclearance.co.nz/,N/A
119,AutoFlip New Zealand,5.0,11,Car dealer,"Auckland, New Zealand",+64 800 354 748,https://www.autoflip.co.nz/,"""Why sell your car with AutoFlip? Sell your car fast for the best trade-in price, without the hassle. Sit back while we negotiate for you. AutoFlip has licensed dealers across New Zealand, competitively bid to buy your car. List your car today, and...  More"
120,George Cars,4.8,36,Used car dealer,"Palmerston North, New Zealand",+64 27 515 2534,http://www.georgecars.co.nz/,N/A
121,U-Sell,4.2,105,Used car dealer,"Auckland, New Zealand",+64 9 444 4774,http://u-sell.co.nz/,N/A
122,Toyota New Zealand - Thames,4.7,16,Toyota dealer,"Thames, New Zealand",+64 7 868 7933,https://www.toyota.co.nz/,N/A
123,2 Cheap Cars - Botany,3.6,165,Car dealer,"Auckland, New Zealand",+64 9 666 0900,http://www.2cheapcars.co.nz/,"""2 Cheap Cars was established in 2011 on the basis that car buyers in New Zealand could get a much better deal. By creating an enterprise based around good service, high volumes, and low margins, the consumer gets value and affordability. We do as...  More"
124,ORIX Vehicle Sales | Palmerston North,4.4,41,Used car dealer,"Palmerston North, New Zealand",+64 6 350 9960,https://www.orix.co.nz/vehicle-sales?yard=palmerston-north,"""ORIX Vehicle Sales is New Zealand's leading retailer of ex-lease vehicles. Only the highest quality, NZ-new stock makes it onto our yards, complete with detailed service histories. Our friendly team are renowned for their pressure-free approach to...  More"
125,500 Autos Ltd.,4.3,89,Used car dealer,"Auckland, New Zealand",+64 21 284 8666,http://www.500autos.co.nz/,N/A
126,Auto Imports & Wholesale . AIWCARS,4.8,69,Auto broker,"Masterton, New Zealand",+64 6 370 8000,http://www.autoimportswholesale.co.nz/,N/A
127,Trendy Cars,4.9,59,Used car dealer,"Auckland, New Zealand",+64 22 422 8662,https://www.trendycars.co.nz/finance-application,N/A
128,Value Motors Lower Hutt,4.0,156,Car dealer,"Lower Hutt, New Zealand",+64 4 589 6289,http://www.valuemotors.co.nz/,"""The most diverse selection of vehicles in NZ! A real car lovers destination. We stock a fantastic range with something for everyone. All of our vehicles are thoroughly inspected prior to sale, serviced with new WOF and reg. Our experienced team are...  More"
129,Lamborghini Auckland,4.7,120,Car dealer,"Auckland, New Zealand",+64 9 975 8075,https://www.lamborghini.com/en-en/dealerships/lamborghini-auckland,N/A
130,Milestone Motors Carz | Used-car dealer | Auckland,4.5,46,Used car dealer,"Auckland, New Zealand",+64 22 348 3163,https://sites.google.com/view/milestone-motors/home,"""For over 30 Years, we're your Trusted Choice for used cars in Auckland (we offer door-to-door services, travel charges) üöó Many to Choose From: We've got many affordable cars for you, no matter your budget or how you live. üí∞ Cars You Can Afford: We...  More"
131,Aotearoa Cars,4.9,12,Used car dealer,"Christchurch, New Zealand",+64 210 803 4788,https://www.aotearoacars.co.nz/,"""Welcome to Aotearoa Cars, your friendly local dealership with a wealth of experience in providing exceptional cars to Christchurch and Nationwide NZ! Whether you're in the market for a sleek, affordable option or seeking a more luxurious ride, we've...  More"
132,Kiwi Auto Motors,4.6,115,Motor vehicle dealer,"Lower Hutt, New Zealand",+64 210 442 032,http://www.kiwiautomotors.co.nz/,N/A
133,2 Cheap Cars - Manukau,3.1,117,Used car dealer,"Auckland, New Zealand",+64 9 666 0232,https://www.2cheapcars.co.nz/dealerships/auckland/manukau?utm_source=google-my-business&utm_medium=organic&utm_content=gmb-manukau,"""2 Cheap Cars was established in 2011 on the basis that car buyers in New Zealand could get a much better deal. By creating an enterprise based around good service, high volumes, and low margins, the consumer gets value and affordability. We do as...  More"
134,U-Sell,4.0,157,Used car dealer,"Auckland, New Zealand",N/A,http://u-sell.co.nz/,N/A
135,King Street Cars,4.9,159,Used car dealer,"Upper Hutt, New Zealand",+64 4 527 7115,http://www.kingstreetcars.co.nz/,"""King Street Cars is Upper Hutt's trusted used car dealership, specialising in NZ New, Japanese and European vehicles. We aim to provide our customers with the regions best selection of cars & commercials and pride ourselves on offering exceptional...  More"
136,Autoterminal New Zealand,4.8,9,Used car dealer,"Auckland 2104, New Zealand",+64 9 257 0050,N/A,N/A
137,The Cheap Car Place Hamilton,3.4,109,Used car dealer,"Hamilton, New Zealand",+64 7 847 1869,http://www.thecheapcarplace.co.nz/,N/A
138,80 Motors,4.5,44,Used car dealer,"Christchurch, New Zealand",+64 210 840 1616,http://80motors.co.nz/,N/A
139,Morrell Motors,4.8,255,Car dealer,"Taup≈ç, New Zealand",+64 7 378 5759,https://www.morrellmotors.co.nz/,"""Morrell Motors is the authorised Parts and Service Centre for Mercedes-Benz, Subaru, Fiat, Fiat Professional, Alfa Romeo Jeep, RAM, Chrysler and Dodge. Our mission is to provide customers with a full range of automotive services under one roof so...  More"
140,Giltrap Group,4.6,107,Used car dealer,"Auckland, New Zealand",N/A,https://www.giltrap.com/,N/A
141,ICAR AUTO NZ,3.7,92,Used car dealer,"Auckland, New Zealand",+64 800 968 968,https://icarautonz.co.nz/,N/A
142,Affordable Car Sales,4.6,195,Used car dealer,"Christchurch, New Zealand",+64 3 358 3721,https://affordablecarsales.co.nz/,"""Discover a new way to buy a car with Affordable Car Sales in Burnside. Our journey began as a rental car company selling used stock, and now we have our own car sales yard, retaining our unique charm and spirit. We're not your average car dealers!...  More"
143,2 Cheap Cars - Palmerston North,3.9,167,Used car dealer,"Palmerston North, New Zealand",+64 6 777 5047,https://www.2cheapcars.co.nz/dealerships/palmerston-north/palmerston-north?utm_source=google-my-business&utm_medium=organic&utm_content=gmb-palmerston%20north,"""2 Cheap Cars was established in 2011 on the basis that car buyers in New Zealand could get a much better deal. By creating an enterprise based around good service, high volumes, and low margins, the consumer gets value and affordability. We do as...  More"
144,The Trade In Hub,5.0,49,Used car dealer,"Auckland, New Zealand",+64 9 949 1999,http://www.thetradeinhub.co.nz/,N/A
145,Drive And Save Motors,4.5,40,Car dealer,"Auckland, New Zealand",+64 20 488 3388,http://www.dnsmotors.co.nz/,N/A
146,Great Motors,3.5,107,Used car dealer,"Auckland, New Zealand",+64 9 818 8881,http://www.greatmotors.co.nz/,N/A
147,Mike Vinsen Motors,4.4,78,Used car dealer,"Auckland, New Zealand",+64 9 826 0040,http://www.mikevinsen.co.nz/,N/A
148,BMW Group New Zealand,4.5,20,Car dealer,"Auckland, New Zealand",+64 800 639 269,http://www.bmw.co.nz/,N/A
149,ICHINEN AUTOS (N.Z.) Penrose,4.6,71,Used car dealer,"Auckland, New Zealand",+64 800 119 619,https://www.ichinenautos.co.nz/?utm_source=google&utm_medium=gmb&utm_term=&utm_content=website&utm_campaign=website,"""Ichinen Autos Ltd. is your one-stop hybrid used cars dealership in Auckland. We have built our reputation as a leading second hand car dealership in Auckland with our unique advantage of having the best hybrid selection from our parent company in...  More"
150,Auto Access NZ Ltd - 24/7 Online,4.8,22,Used car dealer,"Auckland, New Zealand",+64 800 437 087,https://www.autoaccess.co.nz/,N/A
151,Hey Motors North Shore,4.4,73,Used car dealer,"Auckland, New Zealand",+64 9 444 4774,https://www.heymotors.co.nz/,N/A
152,Jan Japan Motors - East Tamaki,4.2,202,Used car dealer,"Auckland, New Zealand",+64 9 972 1204,http://www.janjapan.co.nz/,N/A
153,EZ Motors,4.1,135,Used car dealer,"Auckland, New Zealand",+64 800 396 686,http://www.ezmotors.co.nz/,N/A
154,Mitsubishi Motors New Zealand Limited,4.5,31,Mitsubishi dealer,"Porirua, New Zealand",+64 800 545 352,http://www.mmnz.co.nz/,N/A
155,Wellington Motor Company,4.9,36,Car dealer,"Wellington, New Zealand",+64 22 030 4444,http://www.wellingtonmotorcompany.co.nz/,"""Welcome to Wellington Motor Company. OPEN MONDAY TO SATURDAY 9AM TO 3PM OR CALL FOR AN APPOINTMENT AFTER HOURS. Wellington Motor Company is 100% Wellington owned and operated. All our freshly imported stock has been handpicked and includes Odometer Certification, Service & VTNZ Compliance Safety Check as well as all on-road costs! With over 25 years combined industry experience Cameron and Matthew hope to be able to help you find your next vehicle."""
156,Merit Cars,4.4,55,Used car dealer,"New Plymouth, New Zealand",+64 6 281 1926,http://meritcars.co.nz/,N/A
157,Lexus of Auckland City,4.5,188,Used car dealer,"Auckland, New Zealand",+64 9 370 0227,http://www.lexusofaucklandcity.co.nz/,"""The Lexus you own is the result of a passionate pursuit of perfection. It is a supreme expression of quality, luxury and style. The Lexus philosophy of ‚ÄòThe Pursuit of Perfection‚Äô challenges us to provide our discerning customers with the joy of...  More"
158,Giltrap Prestige,4.8,8,Used car dealer,"Auckland, New Zealand",+64 9 360 3202,http://www.giltrap.com/,N/A
159,Auckland City Car Fair,3.8,141,Used car dealer,"Auckland, New Zealand",+64 21 932 287,http://www.aucklandcitycarfair.co.nz/,N/A
160,Manawatu Toyota,4.4,278,Toyota dealer,"Palmerston North, New Zealand",+64 6 356 7169,http://www.manawatu.toyota.co.nz/,"""We offer you the best range of Toyota new and used vehicles, and our Toyota trained technicians to look after your vehicle, we have Toyota Genuine parts and accessories and a great selection of financing options through Toyota Finance, plus, a great...  More"
161,Drivetown,4.1,47,Used car dealer,New Zealand,+64 9 527 3457,http://www.drivetown.co.nz/,N/A
162,ProMotors,4.6,93,Used car dealer,"Auckland, New Zealand",+64 210 241 7174,http://www.promotors.co.nz/,N/A
163,New Age Cars,4.5,43,Car dealer,"Auckland, New Zealand",+64 9 276 1000,http://www.newagecars.co.nz/,"""Stockist of AA Appraised pre-owned vehicles located in Otahuhu, Auckland. We treat the needs of each individual customer with paramount concern. We are committed in all aspects of selling high quality cars. Allow us to demonstrate our commitment to...  More"
164,Mainly Cars,4.6,44,Car dealer,"Palmerston North, New Zealand",+64 6 356 4642,http://www.mainlycars.kiwi/,N/A
165,Discount City Cars,4.1,132,Used car dealer,"Waitakere, New Zealand",+64 9 827 6079,https://www.discountcitycars.co.nz/,N/A
166,Autoclassics,4.7,14,Car dealer,"Paraparaumu, New Zealand",+64 4 298 2886,http://www.autoclassics.co.nz/,N/A
167,2 Cheap Cars - Wellington,3.1,197,Used car dealer,"Lower Hutt, New Zealand",+64 4 589 0267,https://www.2cheapcars.co.nz/dealerships/wellington/wellington?utm_source=google-my-business&utm_medium=organic&utm_content=gmb-lower%20hutt,"""2 Cheap Cars was established in 2011 on the basis that car buyers in New Zealand could get a much better deal. By creating an enterprise based around good service, high volumes, and low margins, the consumer gets value and affordability. We do as...  More"
168,Lion Motors,4.4,16,Used car dealer,"Tauranga, New Zealand",+64 210 864 9929,N/A,N/A
169,Wholesale Direct Importers,4.5,31,Car dealer,"New Plymouth, New Zealand",+64 6 758 2651,https://wholesaledirectimporters.co.nz/,N/A
170,"Paul Kelly Motor Company $11,990 | SUV & UTE",4.6,79,Used car dealer,"Christchurch, New Zealand",+64 3 365 9204,http://www.paulkelly.co.nz/,N/A
171,Motorcade,4.5,55,Used car dealer,"Auckland, New Zealand",+64 9 525 3040,http://www.motorcade.co.nz/,"""Motorcade is a used car dealer based in Penrose, Auckland, and consists of a passionate team with a combined extensive experience in the industry of over 30 years. We realised it was time for us to serve the community with a professional business...  More"
172,Dean Automotive,4.7,22,Car dealer,"Auckland, New Zealand",+64 9 633 0232,http://www.deanautomotive.co.nz/,N/A
173,New Age Cars,4.7,16,Car dealer,"Auckland, New Zealand",+64 9 276 1000,http://www.newagecars.co.nz/,N/A
174,Rutherford & Bond Toyota Porirua,4.3,155,Toyota dealer,"Wellington, New Zealand",+64 4 237 6104,https://www.toyota.co.nz/rutherford-bond-toyota-king-toyota/?addealer=rutherford-bond-king-toyota,N/A
175,Nissan New Zealand - Nelson Bays Nissan,4.7,15,Nissan dealer,"Nelson, New Zealand",+64 3 546 9232,http://www.nissan.co.nz/,N/A
176,Max Motors,4.5,51,Used car dealer,"Lower Hutt, New Zealand",+64 4 569 4488,N/A,N/A
177,2 Cheap Cars - Westgate,4.0,39,Used car dealer,"Auckland, New Zealand",+64 9 869 3031,https://www.2cheapcars.co.nz/dealerships/auckland/westgate,"""2 Cheap Cars was established in 2011 on the basis that car buyers in New Zealand could get a much better deal. By creating an enterprise based around good service, high volumes, and low margins, the consumer gets value and affordability. We do as...  More"
178,Cartown,4.7,141,Car dealer,"Palmerston North, New Zealand",+64 6 355 2000,https://www.cartown.co.nz/,"""Cartown has been operated by the current owners, Stephen and Jo Coutts, for over 25 years. We have strived to develop a company with a reputation for delivering great cars with great service by great people! We have also secured the Great Wall, MG,...  More"
179,Waimak Classic Cars,4.5,17,Car dealer,"Leithfield, New Zealand",+64 3 310 6485,https://www.waimakclassiccars.co.nz/,N/A
180,Ute Nation - Premium Used Utes & 4WDs - Christchurch,5.0,39,Used car dealer,"Christchurch, New Zealand",+64 210 894 1897,http://www.utenation.co.nz/,N/A
181,King Toyota,4.3,218,Toyota dealer,"Lower Hutt, New Zealand",+64 4 920 7770,https://www.toyota.co.nz/rutherford-bond-toyota-king-toyota/?addealer=rutherford-bond-king-toyota,N/A
182,Devonport Car Co.,5.0,35,Used car dealer,"Auckland, New Zealand",+64 21 518 348,http://www.devcars.co.nz/,"""Established in 1995, Devonport Car Company or Devcars to the locals, has been providing quality, pre-owned, vehicles to their loyal client base for over 25 years. Specialising in high grade, fresh imports from Japan, you get to deal with the owner...  More"
183,Blenheim Toyota,4.5,79,Toyota dealer,"Blenheim, New Zealand",+64 3 578 4319,https://www.toyota.co.nz/blenheim-toyota/,"""Welcome to Blenheim Toyota, your go-to destination for new and used Toyota cars in Marlborough. We offer outstanding customer service, expert advice and top-quality servicing. Visit us for a seamless car-buying experience and explore our extensive...  More"
184,Trade M Autos,4.5,42,Car dealer,"Palmerston North, New Zealand",+64 6 359 0553,http://trademautos.co.nz/,"""TradeMautos is your one-stop-shop for quality used vehicles in the Manawatu region. Our team is totally committed to its customers and their motoring needs, including vehicle finance and insurance. TradeMautos is a part of the Robertson Motor Group...  More"
185,O'Reilly's Garage,4.7,39,Car dealer,"Lower Hutt, New Zealand",+64 21 319 992,https://www.oreillysgarage.co.nz/,"""O‚ÄôReilly‚Äôs Garage is Wellington‚Äôs most interesting independent dealership. We stock some of the best models from the world‚Äôs finest car manufacturers. Our success has been built by every team member working together and contributing to our one team...  More"
186,Tasman Toyota | New Plymouth Car dealer,4.7,30,Toyota dealer,"New Plymouth, New Zealand",+64 6 769 9933,https://www.toyota.co.nz/tasman-toyota/,"""Tasman Toyota was formed in 2002, evolving from Gray & Inch Toyota, the original company being established in 1946. The dealership is New Zealand's longest operating Toyota franchise, and has been trading on its current site since 1963. The premises...  More"
187,Honda Store Christchurch,4.5,301,Used car dealer,"Christchurch, New Zealand",+64 3 940 3000,https://www.honda.co.nz/find-a-store/upper-south-island/honda-store-christchurch/,N/A
188,Vehicles Under $6990,4.4,64,Car dealer,"Christchurch, New Zealand",+64 274 661 661,http://vehiclesunder6990.co.nz/?utm_source=GBP&utm_medium=organic&utm_campaign=gbptraffic,"""At Vehicles Under $6990, we have one goal, to provide every New Zealander with an affordable, quality car for less. We base our entire approach around honesty, reliability and fantastic value for money. We stand by what we sell 100% and believe by...  More"
189,Sales on behalf,5.0,92,Car dealer,"Auckland, New Zealand",+64 21 664 205,https://www.salesonbehalf.co.nz/,N/A
190,You-Cars limited,4.0,46,Used car dealer,"Palmerston North, New Zealand",+64 27 721 0111,http://www.youcars.co.nz/,"""üèéÔ∏èWe are your local boutique Mazda Dealer specialising in Mazda Axela, Atenza, Demio, , Mazda 2, Mazda 3, Mazda 6. üíñOur Mazda‚Äôs stand out from the usual boring ‚Äú 2 Cheap‚Äù style cars with our In-House Lip Kit & Mag Wheel options. We also offer BMW...  More"
191,Cars Unlimited,5.0,2,Car dealer,"Auckland, New Zealand",+64 21 960 432,http://www.carsunlimited.co.nz/,N/A
192,Gazley Mitsubishi,4.4,127,Mitsubishi dealer,"Wellington, New Zealand",+64 4 385 2252,http://www.gazleymitsubishi.com/,N/A
193,Deken Motors,4.4,47,Used car dealer,"New Plymouth, New Zealand",+64 6 759 9943,http://dekenmotors.co.nz/,"""Welcome to DEKEN MOTORS based in New Plymouth. Formally Hareb Deken Motors, Ton Deken is charging on with DEKEN MOTORS. Along with high-end SUV‚Äôs, 4WD‚Äôs & Euros - Deken Motors focus moving forward is ELECTRIC (EV). What keeps Ton in the industry is...  More"
194,Carme,4.9,126,Car dealer,"Upper Hutt, New Zealand",+64 4 472 2226,https://carme.co.nz/,N/A
195,Cooper Auto Company,5.0,58,Used car dealer,"Lower Hutt, New Zealand",+64 4 586 2295,http://www.cooperauto.co.nz/,N/A
196,Armstrong's Audi Wellington,4.3,110,Audi dealer,"Wellington, New Zealand",+64 4 384 8779,https://www.armstrongs.co.nz/dealership/audi-wellington/?utm_source=GBP&utm_medium=GBP&utm_id=APW-AUDI,"""Armstrong's Audi Wellington is the premier destination for Audis, for greater Wellington and the lower North Island. Being an official Audi dealership, we offer an unparalleled selection of Audi cars, backed by an expert team. We also offer...  More"
197,Rutherford & Bond Toyota,4.2,223,Toyota dealer,"Wellington, New Zealand",+64 4 385 1889,https://www.toyota.co.nz/rutherford-bond-toyota-king-toyota/?addealer=rutherford-bond-king-toyota,N/A
198,The Car Company Ltd Head Office,4.3,77,Car dealer,"Nelson, New Zealand",+64 3 546 6550,https://www.carcompanynelson.co.nz/,"""We are The Car Company Limited, locally owned and operated for over 27 years, with over 500 vehicles for sale across 4 branches all located in the Nelson region. We are the BYD Dealership for the upper South Island which will be located at our branch...  More"
199,ÈùûÂá°Â•ΩËΩ¶,4.5,159,Car dealer,"Auckland, New Zealand",+64 22 083 6533,http://isellcarsnz.co.nz/,N/A
200,Wade Cars,4.6,14,Car dealer,"New Plymouth, New Zealand",+64 6 758 6368,http://www.wadecars.co.nz/,N/A
201,McKendry Ford,4.6,58,Ford dealer,"Blenheim, New Zealand",+64 3 578 5359,http://www.mckendryford.co.nz/,N/A
202,Jim Wright Nissan - Hamilton,4.0,126,Nissan dealer,"Hamilton, New Zealand",+64 7 839 0777,https://www.jimwrightnissan.co.nz/,N/A
203,Vehicle Direct Otahuhu,3.8,123,Used car dealer,"Auckland, New Zealand",+64 9 259 4449,https://www.vehicledirect.co.nz/,"""Vehicle Direct is dedicated to providing our customers with the best car buying experience. With over 700 cars to choose from we can cater to all your needs. Visit us at 30 Great South Road Otahuhu for your next vehicle. Affordable prices and good...  More"
204,Portage Cars Napier,4.7,28,Used car dealer,"Napier, New Zealand",+64 21 152 5172,http://www.portagecars.co.nz/,"""As one of the largest used car dealerships in New Zealand, Portage Cars offers a hassle-free car buying experience. With a vast selection of Hatchbacks, Sedans, Station Wagons, People Movers, Commercial Vans, Trucks and Caravans, you're sure to find...  More"
205,TRC Toyota - Levin,4.7,84,Toyota dealer,"Levin, New Zealand",+64 6 368 6089,https://www.toyota.co.nz/manawatu-trc-toyota/,N/A
206,Armstrong's Peugeot Auckland,4.1,103,Peugeot dealer,"Auckland, New Zealand",+64 9 601 9700,https://www.armstrongs.co.nz/dealership/peugeot-auckland/,"""Armstrong's Peugeot Auckland is your trusted dealership for central and greater Auckland area. Located in Greenlane we offer an extensive range of premium new and used Peugeot cars, perfect for navigating the busy city streets or the scenic...  More"
207,Armstrong's Citroen Auckland,4.1,98,Used car dealer,"Auckland, New Zealand",+64 9 601 9700,https://www.armstrongs.co.nz/dealership/citroen-auckland/?utm_source=GOOGLE&utm_medium=GBP&utm_id=AGL-CIT,"""Armstrong's Citroen Auckland is your trusted dealership for central and greater Auckland area. Located in Greenlane, we offer a full range of new & used Citroen cars and a team of expert sales specialists. Our service department boasts the latest...  More"
208,Rotorua Toyota,4.3,169,Used car dealer,"Rotorua, New Zealand",+64 7 345 9199,https://www.toyota.co.nz/rotorua-toyota/,N/A
209,Vehicle Direct Manurewa 321,4.3,56,Used car dealer,"Auckland, New Zealand",+64 9 266 8439,https://www.vehicledirect.co.nz/,N/A
210,M G Car Company New Zealand,4.5,2,Car dealer,"Katikati, New Zealand",+64 7 549 4251,http://www.mgcarco.com/,N/A
211,Sithari Cars,4.2,50,Used car dealer,"Auckland, New Zealand",+64 9 836 6300,http://www.sitharicars.co.nz/,N/A
212,2 Cheap Cars - Te Rapa Hamilton,3.7,56,Used car dealer,"Hamilton, New Zealand",+64 7 444 4007,https://www.2cheapcars.co.nz/dealerships/hamilton/hamilton,"""2 Cheap Cars was established in 2011 on the basis that car buyers in New Zealand could get a much better deal. By creating an enterprise based around good service, high volumes, and low margins, the consumer gets value and affordability. We do as...  More"
213,Automarque BYD,4.3,30,Car dealer,"Lower Hutt, New Zealand",+64 4 589 8600,http://www.automarque.co.nz/,N/A
214,Right Price Motors,4.8,16,Used car dealer,"Auckland, New Zealand",+64 9 534 0036,N/A,N/A
215,NZ Light Commercials - Used Light Commercial Dealers,4.6,8,Used truck dealer,"Takanini, New Zealand",+64 9 299 9182,http://www.nzlightcommercials.co.nz/,N/A
216,Turners Cars Nelson,4.0,40,Used car dealer,"Nelson, New Zealand",+64 800 887 637,http://www.turners.co.nz/,"""Consistently voted NZ's most trusted used vehicle dealership, Turners has been helping Kiwis buy & sell for over 50 years. We're NZ's largest, with over 20 branches nationwide most of which are open 7 days. We accept trade ins, will sell on your...  More"
217,TRC Toyota Feilding,4.6,101,Toyota dealer,"Feilding, New Zealand",+64 6 323 4117,https://www.toyota.co.nz/manawatu-trc-toyota/,"""TRC Toyota is your one stop for all your automotive needs ‚Äì from new and used vehicles, finance, to our full mechanical workshop and access to genuine Toyota Parts and accessories. Our awesome TRC Toyota Feilding store holds the current national...  More"
218,"Johnston Ebbett Porirua - Kia, BYD, Holden & GMSV",4.4,107,Car dealer,"Porirua, New Zealand",+64 4 238 4660,http://www.johnstonebbett.co.nz/,"""Welcome to Johnston Ebbett, home of Kia, BYD and Holden. Our Porirua dealership is conveniently located in the hearts of town, our expert team provide a customer focussed service, designed to make purchasing your next vehicle easy. We accept...  More"
219,Shelby New Zealand,5.0,2,Car dealer,"Matamata, New Zealand",+64 27 500 2875,https://shelbynz.co.nz/,N/A
220,East West Cars Christchurch,4.1,30,Motor vehicle dealer,"Christchurch, New Zealand",+64 21 215 2569,http://www.eastwestcars.co.nz/,N/A
221,ORIX Vehicle Sales | Christchurch,4.6,20,Used car dealer,"Christchurch, New Zealand",+64 3 353 1900,https://www.orix.co.nz/vehicle-sales?yard=christchurch,"""ORIX Vehicle Sales is New Zealand's leading retailer of ex-lease vehicles. Only the highest quality, NZ-new stock makes it onto our yards, complete with detailed service histories. Our friendly team are renowned for their pressure-free approach to...  More"
222,"Ebbett Pukekohe - Kia, Nissan, VW, MG & Holden",4.5,188,Used car dealer,"Pukekohe, New Zealand",+64 9 237 0710,http://ebbettpukekohe.co.nz/,"""Welcome to Ebbett Pukekohe home of Kia, Nissan, MG & VW. With our new custom-built dealership, we offer an extensive range of products and our expert team provides a customer-focused service, designed to make purchasing your next vehicle easy. We...  More"
223,Continental Cars Used,5.0,2,Used car dealer,"Auckland, New Zealand",+64 9 526 6968,https://www.continentalcars.co.nz/?utm_source=google&utm_medium=gmb&utm_campaign=local_seo,"""Continental Cars Used is a trusted dealership specializing in high-quality used cars for sale in Auckland. They offer a wide selection of cars to suit diverse needs and budgets. If you are looking for used cars in Auckland then visit us in New...  More"
224,Tristram Omoda | Jaecoo,3.8,45,Car dealer,"Auckland, New Zealand",+64 9 553 9375,https://www.tristrameuropean.co.nz/,N/A
225,Continental Cars BMW Wellington,4.2,133,Used car dealer,"Wellington, New Zealand",+64 4 499 9030,https://www.ccbmwwellington.co.nz/,"""Continental Cars BMW Wellington is the Wellington region's exclusive authorised BMW NZ dealership. With an wide range of both new and used cars and on-site carparking, we make visiting our Wellington dealership easy. Our New and Approved Used BMW's...  More"
226,Car Connection,4.9,7,Car dealer,"New Plymouth, New Zealand",+64 27 270 4531,https://carconnection.net.nz/,N/A
227,Ian Humphrey Motors,4.3,60,Used car dealer,"Palmerston North, New Zealand",+64 6 355 5761,http://www.ianhumphrey.co.nz/,"""Ian Humphrey Motors is a centrally based vehicle dealership that is owned and operated by Ian and Kerry Humphrey. This father and son team have been buying and selling quality late model New Zealand new vehicles for over 17 years. Ian Humphrey...  More"
228,Blackett Motors,4.7,3,Used car dealer,"Te Awamutu, New Zealand",+64 800 262 277,N/A,"""Welcome to Blackett Motors we take pride in making sure youre looked after. Finance We have a range of finance products to suit everyone. Call our finance expert to discuss purchasing your next vehicle. Insurance We are up to date on the latest...  More"
229,Christchurch BMW,4.4,151,BMW dealer,"Christchurch, New Zealand",+64 3 363 7240,https://www.christchurchbmw.co.nz/,N/A
230,Auckland 4WD's,5.0,43,Used car dealer,"Auckland, New Zealand",+64 21 106 5201,http://www.auckland4wds.co.nz/,"""Welcome to our car dealership in Auckland! We specialise in providing a wide selection of high-quality Utes, trucks, and 4WD vehicles to help you find the perfect vehicle for your needs. Whether you‚Äôre in need of a rugged and reliable truck for your...  More"
231,Hyundai New Zealand,3.7,40,Manufacturer,"Auckland, New Zealand",+64 800 498 632,http://www.hyundai.co.nz/,N/A
232,Kerry Harvey Autos,4.3,40,Motor vehicle dealer,"Palmerston North, New Zealand",+64 6 355 5977,https://www.kerryharveyautos.co.nz/,N/A
233,Vehicle Import Centre,4.5,23,Car dealer,"Auckland, New Zealand",+64 800 750 751,http://www.vehicleimportcentre.co.nz/,N/A
234,Bowater Hyundai,4.4,48,Hyundai dealer,"Nelson, New Zealand",+64 3 545 8032,http://www.bowaterhyundai.co.nz/,N/A
235,Driven Auto Sales,3.7,77,Used car dealer,"Tauranga, New Zealand",+64 7 579 9169,http://www.drivenauto.co.nz/,N/A
236,Indy Cars Ltd,4.1,43,Used car dealer,"Christchurch, New Zealand",+64 21 585 341,N/A,N/A
237,Hung Motors,4.2,46,Used car dealer,"Auckland, New Zealand",+64 9 526 4807,http://www.hungmotors.co.nz/,N/A
238,Lexus Of Hawkes Bay,4.9,15,Car repair and maintenance service,"Hastings, New Zealand",+64 6 872 8222,http://www.lexusofhawkesbay.co.nz/,N/A
239,Armstrong's Subaru Lower Hutt,4.3,145,Used car dealer,"Lower Hutt, New Zealand",+64 4 385 9508,https://www.armstrongs.co.nz/dealership/subaru-lower-hutt/?utm_source=GOOGLE&utm_medium=GBP&utm_id=AWLR-SU,"""Armstrong's Subaru Lower Hutt is your accredited Subaru dealer for the Wellington area, featuring an extensive selection of both brand-new and used Subaru cars, supported by an expert sales team. Our advanced service center is furnished with the...  More"
240,Onlineautoshb limited,4.6,34,Used car dealer,"Napier, New Zealand",+64 6 974 8161,http://www.onlineautoshb.co.nz/,"""Online vehicle sales with perfect feedback on trademe since 2008 which was when we were established. Vehicles sales and delivery nationwide. Our vehicles undergo an AA mechanical inspection upon arrival and undergo an extensive presentation process...  More"
241,Autolink Electric Vehicles,4.4,64,Used car dealer,"Auckland, New Zealand",+64 800 378 9090,http://www.autolinkcars.co.nz/,"""Autolink EV are experts in electrical vehicles, specialising in them for over 10yrs. Open 7 days with a large range of high quality EVs in stock, onsite and ready to go! You can drive away stress free and start saving on money and emissions with your...  More"
242,Gazley Volkswagen,4.2,24,Volkswagen dealer,"Wellington, New Zealand",+64 4 381 3000,https://www.gazleyvw.com/,"""Gazley Volkswagen is the award winning home of Volkswagen in the Lower North Island. With over 25 years in the Capital, Gazley Motor Group is a staunchly proud Wellington based business with a long history of quality customer service. Representing...  More"
243,ÈªëÊÆø Infinity Auto Imports,4.0,74,Motor vehicle dealer,"Auckland, New Zealand",+64 9 827 5854,http://www.infinityautoimports.co.nz/,N/A
244,"Motorworld Blenheim - Kia, Suzuki, Volkswagen & Isuzu",4.2,103,Used car dealer,"Blenheim, New Zealand",+64 3 578 5199,https://www.motorworld.co.nz/,N/A
245,Giltrap Porsche,4.8,76,Porsche dealer,"Auckland, New Zealand",+64 9 920 0911,http://www.giltrapporsche.co.nz/,"""Giltrap Porsche resides within our Giltrap Motor Group dealership, specializing in NZ new & used Porsche. We also house the countries leading Porsche Service workshop, with factory trained technicians & genuine Porsche parts. All Porsche through our...  More"
246,Archibalds Audi,4.4,115,Used car dealer,"Christchurch, New Zealand",+64 3 377 5200,https://archibalds.co.nz/audi/,"""Welcome to the home of Audi. Located in Christchurch, we're your official Audi dealer for sales, service, parts, accessories, and finance in Canterbury, Tasman, Marlborough, and the West Coast. We're also the home of Audi Sport and Audi e-tron,...  More"
247,TRC Toyota Whanganui,4.5,145,Used car dealer,"Whanganui, New Zealand",+64 6 348 8850,https://www.toyota.co.nz/manawatu-trc-toyota/,"""We are proud to provide you with excellent service designed to satisfy all your vehicle requirements. We are your one-stop shop for all things related to your vehicle. Whether your car needs a tune up, or you are looking for a replacement car we can...  More"
248,Sun City Motors,3.8,12,Car dealer,"Appleby, New Zealand",+64 3 544 8869,https://www.suncitymotors.co.nz/,N/A
249,Adopt A Car Limited,4.0,35,Used car dealer,"Palmerston North, New Zealand",+64 27 288 7933,http://www.adoptacar.co.nz/,N/A
250,Lexus of Wellington,4.3,18,Lexus dealer,"Wellington, New Zealand",+64 4 802 0610,https://www.lexus.co.nz/en/dealers/wellington/about.html,N/A
251,Dayman's,4.4,26,Used car dealer,"Nelson, New Zealand",+64 3 546 9232,http://www.daymans.co.nz/,N/A
252,AutoNation,4.4,34,Car dealer,"Auckland, New Zealand",+64 22 590 2644,http://www.autonationnz.co.nz/,"""Welcome to AutoNation, We are a licensed motor vehicle trader (RMVT: M405254 ) AutoNation is all about delivering quality used vehicles to each valued customer and giving customers a lifetime happy motoring experience. We pride ourselves on offering...  More"
253,LDV New Zealand,4.3,7,Motor vehicle dealer,"Taup≈ç, New Zealand",+64 7 376 1516,http://www.ldv.co.nz/,N/A
254,Brent Wiley Wholesale Cars,4.4,8,Car dealer,"WhakatƒÅne, New Zealand",+64 7 307 8533,http://www.brentwileywholesalecars.co.nz/,N/A
255,MS Ford,4.5,80,Used car dealer,"Nelson, New Zealand",+64 3 548 9189,https://www.msford.co.nz/,"""At MS Ford, we have over 80 years of experience in the automotive industry and are proud to be based in Nelson. Since our inception, we have been dedicated to meeting the vehicle needs of our customers, whether they are looking for their first car, a...  More"
256,Capital City Ford,4.5,202,Used car dealer,"Lower Hutt, New Zealand",+64 4 802 8750,https://www.capitalcityford.co.nz/,"""We are a multi-award winning business that has been helping Wellington motorists find the perfect vehicle since 1923. Above all, providing our customers with an exceptional experience is what drives us to succeed and our team of over 120 staff across...  More"
257,Armstrong's Opel Christchurch,4.7,12,Used car dealer,"Christchurch, New Zealand",+64 3 367 2980,https://www.armstrongs.co.nz/dealership/armstrongs-opel-christchurch-2/?utm_source=GOOGLE&utm_medium=GBP&utm_id=RAM-OP,"""Armstrong's Opel Christchurch is your trusted dealership for the greater Canterbury region. Located in Central Christchurch, we offer an extensive range of premium new and used Opel cars, perfect for navigating the busy city streets or the scenic...  More"
258,13Autos.co.nz,3.7,3,Used car dealer,"Hamilton, New Zealand",+64 27 215 0714,http://www.13autos.co.nz/,N/A
259,Brendan Foot Supersite Wellington,4.4,89,Car repair and maintenance service,"Wellington, New Zealand",+64 4 384 9908,http://www.brendanfoot.co.nz/,N/A
260,GM car wholesalers Ltd,3.9,17,Car dealer,"Auckland, New Zealand",+64 9 276 2222,http://www.gmcars.co.nz/,"""GM Car Ltd Limited was started in August 2000 as a Motor Vehicle Importing firm. GM CAR LIMITED provide its services to all the motor vehicle dealers in the greater Auckland area. GM Car Ltd was setup to service clientele with adverse credit and...  More"
261,Value Priced Cars LMVD,4.8,5,Used car dealer,"Palmerston North, New Zealand",+64 6 358 0922,https://www.valuepricedcars.co.nz/,N/A
262,Tesla Wellington,4.9,14,Tesla showroom,"Wellington, New Zealand",+64 9 801 0039,http://tesla.com/,N/A
263,Armstrong's Citroen Lower Hutt,4.3,9,Used car dealer,"Lower Hutt, New Zealand",+64 4 566 8668,https://www.armstrongs.co.nz/dealership/citroen-lower-hutt/,"""Armstrong's Citroen Lower Hutt is your trusted dealership for the greater Wellington & Lower North Island region. Located in Hutt Central, we offer a full range of new & used Citroen cars and a team of expert sales specialists. Our service department...  More"
264,Mr Motors Group New Lynn Branch,4.2,137,Car dealer,"Auckland, New Zealand",+64 21 895 734,https://www.mrmotors.co.nz/,N/A
265,Courtesy Ford Palmerston North,4.5,252,Ford dealer,"Palmerston North, New Zealand",+64 6 356 8089,https://www.courtesyfordmanawatu.co.nz/,N/A
266,Direct Car Imports Ltd,2.1,35,Used car dealer,"Auckland, New Zealand",+64 21 749 886,http://directcarimports.co.nz/,N/A
267,Hawkes Bay Toyota - Hastings,4.1,105,Used car dealer,"Hastings, New Zealand",+64 6 873 0908,http://www.hbtoyota.co.nz/,N/A
268,Levin Kia,4.7,20,Motor vehicle dealer,"Levin, New Zealand",+64 6 367 2204,https://kia.co.nz/find-a-dealer/dealer/levin-kia/,"""Daniel and Kelly Gordon are a husband and wife team, both very passionate about cars and people, with a long history in the motor industry. With six children between them they understand the importance of family and work life balance for their team....  More"
269,NZ Vehicle Imports Wellington,3.7,6,Auto broker,"Wellington, New Zealand",+64 274 610 651,N/A,N/A
270,TRC Toyota Masterton,4.4,40,Toyota dealer,"Masterton, New Zealand",+64 6 370 0688,https://www.toyota.co.nz/manawatu-trc-toyota/,"""TRC Toyota Masterton is your one stop for all your automotive needs ‚Äì from new and used vehicles, finance, to our full mechanical workshop and access to genuine Toyota Parts and accessories. Our team's commitment to excellence and exceptional...  More"
271,Gazley Mercedes-Benz Wellington,4.4,112,Mercedes,"Wellington, New Zealand",+64 4 385 2244,https://www.mbwellington.co.nz/,N/A
272,HMC Kapiti Limited,4.3,54,Car dealer,"Paraparaumu, New Zealand",+64 4 298 8089,http://www.hmckapiti.co.nz/,"""HMC Kapiti is a family owned and operated company established in 2009 on the Kapiti Coast. In 2021 we opened a second branch, Levin Kia, in the Horowhenua. Both dealerships service all makes and models, however Levin Kia only sells new Kia models,...  More"
273,Cars Connect,3.6,20,Car dealer,"Auckland, New Zealand",+64 21 229 7721,http://www.carsconnect.co.nz/,N/A
274,InterCarNet Ltd,4.9,8,Used car dealer,"Auckland, New Zealand",+64 21 778 533,https://www.intercarnet.co.nz/,N/A
275,Auckland Car Clearance,4.0,4,Used car dealer,"Auckland, New Zealand",+64 9 266 7239,N/A,N/A
276,Capital City Mazda,4.7,254,Used car dealer,"Lower Hutt, New Zealand",+64 4 802 8750,http://www.capitalcitymazda.co.nz/,"""We are one of New Zealand's largest Mazda dealerships and we've been serving the Wellington region since 1923. We're proud of our long history and the strong links that we have developed in the community over the past 100 years. Above all, providing...  More"
277,City Cheap Cars,4.5,2,Car dealer,New Zealand,+64 22 310 5906,http://citycheapcars.co.nz/,"""City Cheap Cars mainly sells Japanese and European cars imported directly from Japan. We have hybrid, petrol, plug-in hybrid, electric and diesel cars. The models include hatchback, sedan, SUV and 7 seaters. We will give customers the best price...  More"
278,GO CARS NZ Ltd,3.8,5,Car dealer,"WhangƒÅrei, New Zealand",+64 800 900 785,http://www.gocarsnz.co.nz/,N/A
279,Isuzu Utes New Zealand Ltd - Head Office,3.5,11,Used car dealer,"Auckland, New Zealand",+64 800 478 986,http://www.isuzuutes.co.nz/,"""When the going gets tough - generations have trusted the power and reliability of an Isuzu Ute to get the job done. With over 50 years of truck-making excellence and over 25 million diesel engines built, Isuzu sets the standard when it comes to...  More"
280,"Cars for Sale, Cars for Sale in New Zealand / Car Dealer",N/A,N/A,No reviews,"Katikati, New Zealand",+64 800 730 333,N/A,N/A
281,Tesla Sales Showroom,5.0,4,Car dealer,"Wellington, New Zealand",+64 800 005 431,https://www.tesla.com/en_NZ/findus/location/service/wellingtonngauranga,N/A
282,Regent Motors,4.6,9,Used car dealer,"Palmerston North, New Zealand",+64 6 356 9599,http://www.regentmotors.co.nz/,N/A
283,Wholesale Cars & Hiace Vans,3.7,3,Used car dealer,"Christchurch, New Zealand",+64 3 381 8911,N/A,N/A
284,Brendan Foot Supersite,4.3,483,Used car dealer,"Lower Hutt, New Zealand",+64 4 587 0005,https://brendanfoot.co.nz/,N/A
285,Volvo Cars Wellington,4.8,4,Used car dealer,"Wellington, New Zealand",+64 4 384 8779,https://www.armstrongs.co.nz/dealership/volvo-wellington/?utm_source=GOOGLE&utm_medium=GBP&utm_id=APW-VOL,"""Forming part of Armstrong's Wellington, explore Volvo Cars Wellington, your certified Volvo dealer for greater Wellington and Lower North Island regions, offering an extensive inventory of both brand-new and used Volvo cars, supported by a team of...  More"
286,Toyota New Zealand,N/A,N/A,No reviews,"Auckland, New Zealand",N/A,N/A,N/A
287,Armstrong's Jaguar Wellington,3.3,13,Jaguar dealer,"Wellington, New Zealand",+64 4 384 8779,https://www.armstrongs.co.nz/dealership/jaguar-wellington/?utm_source=GOOGLE&utm_medium=GBP&utm_id=APW-JAG,"""Armstrong's Jaguar Wellington is the premier destination for Jaguar vehicles, for greater Wellington and the lower North Island. Being an official Jaguar dealership, we offer an unparalleled selection of new and used Jaguar cars backed by an expert...  More"
288,Gazley MG,3.3,10,Car dealer,"Wellington, New Zealand",+64 4 381 3000,http://www.gazleymg.com/,"""Gazley MG is the home of MG in the Lower North Island. With over 25 years in the Capital, Gazley Motor Group is a staunchly proud Wellington based business with a long history of quality customer service. Representing Volkswagen, SKODA,...  More"
289,Lifestyle Autos,N/A,N/A,No reviews,"New Plymouth, New Zealand",N/A,https://www.japanesecartrade.com/lifestyle/,N/A
290,MIG Cars EV/Hybrid,3.9,15,Used car dealer,"Christchurch, New Zealand",+64 3 365 0959,http://www.migcars.co.nz/,"""We are licensed EV/Hybrid cars specialist dealer in Christchurch, MTA members We can provide competitive interest rates through MTF, FINANCE NOW and other finance facilities. All of our cars are AA Appraisal vehicle, Odometer verified. VINZ...  More"
291,Greenstone Imports NZ LTD,3.4,5,Used car dealer,"Tauranga, New Zealand",+64 7 579 9340,http://www.greenstoneimports.co.nz/,N/A
292,Used Car Guys,2.4,11,Used car dealer,"Christchurch, New Zealand",+64 800 735 569,http://www.usedcarguys.co.nz/,N/A
293,Ebbett Taupo Nissan,3.9,11,Nissan dealer,"Taup≈ç, New Zealand",+64 7 378 4130,https://ebbettnissantaupo.co.nz/,N/A
294,Armstrong's Certified Pre-Owned Tuam Street,5.0,1,Used car dealer,"Christchurch, New Zealand",+64 3 367 2980,https://www.armstrongs.co.nz/dealership/certified-pre-owned-tuam-street?utm_source=GOOGLE&utm_medium=GBP&utm_id=APC-CJD-TUAM,"""Armstrong's Certified Pre-Owned Tuam Street is your local pre-owned dealer for the greater Canterbury region. Located in Christchurch Central City, we offer an extensive range of near new and certified pre-owned cars perfect for navigating the busy...  More"
295,Armstrong's Porsche Wellington,3.5,20,Used car dealer,"Wellington, New Zealand",+64 4 384 8779,https://www.armstrongs.co.nz/dealership/porsche-wellington/?utm_source=GOOGLE&utm_medium=GBP&utm_id=APW-PORSCHE,"""Forming part of Armstrong's Wellington, Armstrong's Porsche Wellington is your one-stop-stop for everything Porsche. Armstrong's Porsche Wellington is your trusted Porsche dealer for the greater Wellington and lower North Island region. Located in...  More"
296,Ingham Prestige - Mercedes Benz,4.2,117,Mercedes,"Hamilton, New Zealand",+64 800 464 426,http://www.mbinghamprestige.co.nz/,"""Ingham Prestige is your premier destination for new and used Mercedes-Benz vehicles. Our dedicated team provides unparalleled service, guiding you through every step of your journey, from selecting the perfect vehicle to ensuring it remains in...  More"
297,Motor Nation,5.0,2,Used car dealer,"Christchurch, New Zealand",+64 22 640 8800,N/A,N/A
298,Ed's Campervans (By Appointment Only),4.8,18,Used car dealer,"Karaka, New Zealand",+64 210 245 2968,N/A,"""Ed's Campervans is a leading stockist of Self-Contained Campervans in Auckland. Owned and operated by Edgar Munro, he has sold vehicles to working holiday makers, students and other travellers to New Zealand for over 12 years. Edgar stocks popular...  More"
299,Turners Trucks & Machinery Auckland,4.3,56,Used truck dealer,"Auckland, New Zealand",+64 9 580 9386,https://www.turners.co.nz/Trucks-Machinery/?utm_source=map.google.com&utm_medium=referral,N/A
300,Gazley ≈†koda,3.6,7,Skoda dealer,"Wellington, New Zealand",+64 4 381 3000,https://www.gazleyskoda.com/,"""Gazley Skoda is the award winning home of Skoda in the Lower North Island. With over 25 years in the Capital, Gazley Motor Group is a staunchly proud Wellington based business with a long history of quality customer service. Representing SKODA,...  More"
301,nz 4x4,3.4,5,Car dealer,"Auckland, New Zealand",+64 800 777 350,https://www.nz4x4s.nz/,N/A
302,Honda Service Centre Lower Hutt,4.6,89,Car repair and maintenance service,"Lower Hutt, New Zealand",+64 4 569 2145,http://www.honda.co.nz/agent/hutt-valley/,N/A
303,Armstrong's Opel Lower Hutt,5.0,4,Used car dealer,"Lower Hutt, New Zealand",+64 4 566 8668,https://www.armstrongs.co.nz/dealership/opel-lower-hutt/?utm_source=GOOGLE&utm_medium=GBP&utm_id=AWLN-OP,"""Armstrong's Opel Lower Hutt is your trusted dealership for Lower Hutt and the greater Wellington region. Located in Hutt Central, we offer an extensive range of premium new and used Opel cars, perfect for navigating the busy city streets or the...  More"
304,Wellington MINI Garage,4.5,16,MINI dealer,"Wellington, New Zealand",+64 4 499 9030,https://wellingtonminigarage.co.nz/,"""Looking for a MINI in Wellington Look no further than Wellington Mini Garage, the region's official dealership. They zoom ahead with new and used MINI sales, top-notch MINI service centre, and genuine parts and accessories to keep your MINI thrill...  More"
305,Drive Right Cars,1.0,1,Used car dealer,"Auckland, New Zealand",+64 9 217 3395,https://www.driverightcars.co.nz/,N/A
306,Scania New Zealand - Palmerston North,4.6,12,Truck dealer,"Palmerston North, New Zealand",+64 800 767 226,https://www.scania.com/nz/en/home.html,"""From its foundation in 1891, Scania‚Äôs culture of continuous innovation has made it one of the world‚Äôs leading manufacturers of heavy trucks and buses. From January 1 2019, Scania New Zealand was created to import, distribute and sell heavy trucks...  More"
307,Turners Trucks & Machinery Wellington,3.5,4,Used truck dealer,"Lower Hutt, New Zealand",+64 4 931 1799,https://www.turners.co.nz/Trucks-Machinery/?utm_source=map.google.com&utm_medium=referral,N/A
308,Scania New Zealand - Wellington,4.4,13,Truck dealer,"Lower Hutt, New Zealand",+64 800 957 2264,https://www.scania.com/nz/en/home.html,"""From its foundation in 1891, Scania‚Äôs culture of continuous innovation has made it one of the world‚Äôs leading manufacturers of heavy trucks and buses. From January 1 2019, Scania New Zealand was created to import, distribute and sell heavy trucks...  More"
309,Bayswater Volkswagen,N/A,N/A,No reviews,"Napier, New Zealand",+64 6 651 3171,https://www.bayswatervolkswagen.co.nz/,N/A
310,Easy Cars Nz,5.0,1,Motor vehicle dealer,"Auckland, New Zealand",+64 274 612 655,N/A,N/A
311,Autowest,5.0,1,Used car dealer,"Auckland, New Zealand",N/A,https://www.japanesecartrade.com/autowest/,N/A
312,Nino motors,3.9,9,Used car dealer,"Auckland, New Zealand",+64 9 820 2950,N/A,N/A
